用例编号,需求编号,用例描述,优先级,测试类型,前置条件,测试步骤,预期结果,实际结果,状态
TC-001,REQ-FUNC-ROUTER-001,简单任务复杂度评估,高,功能,无,输入"求和列表",评估复杂度,level=low,level=low,通过
TC-002,REQ-FUNC-ROUTER-001,中等任务复杂度评估,高,功能,无,输入"实现用户登录功能",评估复杂度,level=medium,level=medium,通过
TC-003,REQ-FUNC-ROUTER-001,复杂任务复杂度评估,高,功能,无,输入"设计微服务架构",评估复杂度,level=high,level=high,通过
TC-004,REQ-FUNC-ROUTER-001,空任务描述,中,功能,无,输入"",评估复杂度,不崩溃,不崩溃,通过
TC-005,REQ-FUNC-ROUTER-002,高复杂度模型选择,高,功能,无,输入高复杂度任务,选择模型,tier=tier-a,tier=tier-a,通过
TC-006,REQ-FUNC-ROUTER-002,中复杂度模型选择,高,功能,无,输入中复杂度任务,选择模型,tier=tier-mid,tier=tier-mid,通过
TC-007,REQ-FUNC-ROUTER-002,低复杂度模型选择,高,功能,无,输入低复杂度任务,选择模型,tier=tier-exec,tier=tier-exec,通过
TC-008,REQ-FUNC-ROUTER-003,DAG构建,高,功能,无,输入"实现用户登录功能",构建DAG,nodes>0,nodes>0,通过
TC-009,REQ-FUNC-ROUTER-003,DAG关键路径,高,功能,无,构建DAG,检查关键路径,critical_path>0,critical_path>0,通过
TC-010,REQ-FUNC-ROUTER-004,分阶段执行,高,功能,无,构建DAG并执行,执行结果,status=completed,status=completed,通过
TC-011,REQ-FUNC-ROUTER-005,成本追踪,高,功能,无,执行任务后记录成本,cost>0,cost>0,通过
TC-012,REQ-FUNC-ROUTER-005,预算告警,中,功能,设置预算=0.001,执行高成本任务,触发告警,is_over_budget=True,通过
TC-013,REQ-FUNC-ROUTER-006,结果组装,高,功能,执行DAG,组装结果,success=true,success=true,通过
TC-014,REQ-FUNC-CLI-001,assess命令,中,功能,CLI可用,执行assess命令,输出复杂度,level输出正确,通过
TC-015,REQ-FUNC-CLI-002,select命令,中,功能,CLI可用,执行select命令,输出模型,model输出正确,通过
TC-016,REQ-FUNC-CLI-003,decompose命令,中,功能,CLI可用,执行decompose命令,输出JSON,JSON输出正确,通过
TC-017,REQ-FUNC-CLI-004,execute命令,中,功能,CLI可用,执行execute命令,输出结果,执行结果正确,通过
TC-018,REQ-FUNC-CLI-005,assemble命令,中,功能,CLI可用,执行assemble命令,输出报告,报告输出正确,通过
TC-019,REQ-NFR-PERF-001,评估响应时间,中,性能,无,测量评估耗时,RT<5s,RT<0.01s,通过
TC-020,REQ-NFR-COST-001,低成本优先,中,功能,无,检查模型选择优先级,免费优先,tier-a>=2,通过
