需求编号,来源载体,原子行为描述,MoSCoW,分类,验收标准,约束依据,状态
REQ-FUNC-ROUTER-003-ENH,IT-01回顾,系统应支持智能任务拆分基于任务类型自动选择拆分策略,Must,功能,输入任务描述输出拆分后的子任务列表+依赖关系,低成本优先,已收集
REQ-FUNC-ROUTER-004-ENH,IT-01回顾,系统应支持自定义阶段配置允许用户定义阶段数量和每阶段模型,Must,功能,支持3+阶段配置每阶段独立选模型+参数,低成本优先,已收集
REQ-FUNC-ROUTER-005-ENH,IT-01回顾,系统应支持成本预测在执行前预估总成本,Must,功能,输入DAG输出预估总成本+各任务成本明细,低成本优先,已收集
REQ-FUNC-ROUTER-007-NEW,IT-02新增,系统应支持任务重试机制失败任务自动重试+指数退避,Must,功能,失败任务自动重试最多3次退避间隔递增,低成本优先,已收集
REQ-FUNC-ROUTER-008-NEW,IT-02新增,系统应支持结果缓存相同输入复用缓存结果,Must,功能,相同任务描述命中缓存直接返回结果,低成本优先,已收集
REQ-FUNC-CLI-006-NEW,IT-02新增,CLI应支持cost命令查看成本报告,Must,功能,cli cost命令输出成本报告+预算使用率,低成本优先,已收集
REQ-FUNC-CLI-007-NEW,IT-02新增,CLI应支持config命令管理配置,Must,功能,cli config命令支持get/set/list操作,低成本优先,已收集
REQ-NFR-PERF-003-NEW,IT-02新增,缓存命中率应≥60%,Should,非功能,相同输入60%以上命中缓存,低成本优先,已收集
REQ-NFR-RELI-001-NEW,IT-02新增,任务执行成功率应≥95%,Must,非功能,95%以上任务成功完成,低成本优先,已收集
